addlisteners_editor.js	newSound
addlisteners_editor.js	solveClick
addlisteners_editor.js	cancelClick
addlisteners_editor.js	runClick
addlisteners_editor.js	saveClick
addlisteners_editor.js	rebuildClick
addlisteners_editor.js	shareClick
addlisteners_editor.js	levelEditorClick_Fn
addlisteners_editor.js	exportClick
addlisteners_editor.js	dropdownChange
addlisteners_editor.js	loadDropDownChange
addlisteners_editor.js	horizontalDragbarMouseDown
addlisteners_editor.js	verticalDragbarMouseDown
addlisteners_editor.js	resize_all
addlisteners_editor.js	reset_panels
addlisteners_editor.js	_editorDirty
addlisteners_editor.js	Mobile
buildStandalone.js	consolePrint
buildStandalone.js	consolePrint
buildStandalone.js	state
buildStandalone.js	state
buildStandalone.js	state
buildStandalone.js	state
buildStandalone.js	state
buildStandalone.js	state
buildStandalone.js	state
buildStandalone.js	state
buildStandalone.js	savePlainTextFile
compiler.js	colorPalettes
compiler.js	logError
compiler.js	STRIDE_OBJ
compiler.js	STRIDE_MOV
compiler.js	STRIDE_OBJ
compiler.js	STRIDE_MOV
compiler.js	verbose_logging
compiler.js	throttle_movement
compiler.js	colorPalettes
compiler.js	colorPalettesAliases
compiler.js	colorPalettesAliases
compiler.js	colorPalettes
compiler.js	logError
compiler.js	colorPalettes
compiler.js	IDE
compiler.js	unitTesting
compiler.js	cache_console_messages
compiler.js	IDE
compiler.js	unitTesting
compiler.js	verbose_logging
compiler.js	cache_console_messages
compiler.js	throttle_movement
compiler.js	logError
compiler.js	logError
compiler.js	logError
compiler.js	deepClone
compiler.js	logError
compiler.js	logError
compiler.js	logWarning
compiler.js	logWarning
compiler.js	logError
compiler.js	logError
compiler.js	logError
compiler.js	logError
compiler.js	logError
compiler.js	logError
compiler.js	logError
compiler.js	logError
compiler.js	logError
compiler.js	logWarningNoLine
compiler.js	logError
compiler.js	Level
compiler.js	logError
compiler.js	BitVec
compiler.js	STRIDE_OBJ
compiler.js	Level
compiler.js	STRIDE_OBJ
compiler.js	logError
compiler.js	logError
compiler.js	BitVec
compiler.js	STRIDE_OBJ
compiler.js	STRIDE_OBJ
compiler.js	STRIDE_OBJ
compiler.js	splitMessage
compiler.js	wordwrap
compiler.js	intro_template
compiler.js	splitMessage
compiler.js	logWarning
compiler.js	logWarning
compiler.js	logWarning
compiler.js	logWarning
compiler.js	logError
compiler.js	logError
compiler.js	logError
compiler.js	logError
compiler.js	logError
compiler.js	logError
compiler.js	logError
compiler.js	logError
compiler.js	logError
compiler.js	logError
compiler.js	logError
compiler.js	logError
compiler.js	logWarning
compiler.js	logError
compiler.js	logError
compiler.js	logWarning
compiler.js	logError
compiler.js	logWarning
compiler.js	logError
compiler.js	logWarning
compiler.js	logError
compiler.js	logError
compiler.js	logError
compiler.js	logError
compiler.js	logWarning
compiler.js	logWarning
compiler.js	logError
compiler.js	logWarning
compiler.js	twiddleable_params
compiler.js	logError
compiler.js	logError
compiler.js	logError
compiler.js	logError
compiler.js	logError
compiler.js	logError
compiler.js	logError
compiler.js	logError
compiler.js	logError
compiler.js	logError
compiler.js	BitVec
compiler.js	STRIDE_OBJ
compiler.js	BitVec
compiler.js	STRIDE_OBJ
compiler.js	BitVec
compiler.js	STRIDE_MOV
compiler.js	BitVec
compiler.js	STRIDE_MOV
compiler.js	BitVec
compiler.js	STRIDE_MOV
compiler.js	ellipsisPattern
compiler.js	logError
compiler.js	logError
compiler.js	logError
compiler.js	logError
compiler.js	logError
compiler.js	logError
compiler.js	logError
compiler.js	ellipsisPattern
compiler.js	ellipsisPattern
compiler.js	CellPattern
compiler.js	logWarning
compiler.js	BitVec
compiler.js	STRIDE_OBJ
compiler.js	BitVec
compiler.js	STRIDE_OBJ
compiler.js	BitVec
compiler.js	STRIDE_MOV
compiler.js	BitVec
compiler.js	STRIDE_MOV
compiler.js	BitVec
compiler.js	STRIDE_MOV
compiler.js	BitVec
compiler.js	STRIDE_OBJ
compiler.js	BitVec
compiler.js	STRIDE_MOV
compiler.js	BitVec
compiler.js	STRIDE_MOV
compiler.js	logWarning
compiler.js	logError
compiler.js	logError
compiler.js	CellReplacement
compiler.js	BitVec
compiler.js	STRIDE_OBJ
compiler.js	ellipsisPattern
compiler.js	BitVec
compiler.js	STRIDE_MOV
compiler.js	ellipsisPattern
compiler.js	ellipsisPattern
compiler.js	logError
compiler.js	Rule
compiler.js	matchCache
compiler.js	logError
compiler.js	logError
compiler.js	BitVec
compiler.js	STRIDE_OBJ
compiler.js	logErrorNoLine
compiler.js	BitVec
compiler.js	STRIDE_OBJ
compiler.js	BitVec
compiler.js	STRIDE_OBJ
compiler.js	BitVec
compiler.js	STRIDE_OBJ
compiler.js	BitVec
compiler.js	STRIDE_OBJ
compiler.js	logError
compiler.js	logErrorNoLine
compiler.js	logErrorNoLine
compiler.js	logErrorNoLine
compiler.js	logErrorNoLine
compiler.js	clamp
compiler.js	logErrorNoLine
compiler.js	deepClone
compiler.js	logError
compiler.js	logError
compiler.js	consolePrint
compiler.js	logErrorNoLine
compiler.js	logErrorNoLine
compiler.js	logErrorNoLine
compiler.js	logErrorNoLine
compiler.js	logErrorNoLine
compiler.js	logError
compiler.js	logError
compiler.js	logWarning
compiler.js	logWarning
compiler.js	logError
compiler.js	logError
compiler.js	logError
compiler.js	logError
compiler.js	logError
compiler.js	BitVec
compiler.js	STRIDE_MOV
compiler.js	logError
compiler.js	logError
compiler.js	logError
compiler.js	canSetHTMLColors
compiler.js	codeMirrorFn
compiler.js	CodeMirror
compiler.js	errorCount
compiler.js	consolePrint
compiler.js	matchCache
compiler.js	forceRegenImages
compiler.js	lastDownTarget
compiler.js	canvas
compiler.js	canDump
compiler.js	compiledText
compiler.js	errorCount
compiler.js	compiling
compiler.js	errorStrings
compiler.js	consolePrint
compiler.js	compiling
compiler.js	logError
compiler.js	errorCount
compiler.js	errorCount
compiler.js	IDE
compiler.js	consoleError
compiler.js	consoleError
compiler.js	consolePrint
compiler.js	consolePrint
compiler.js	IDE
compiler.js	IDE
compiler.js	logWarning
compiler.js	logWarning
compiler.js	logWarning
compiler.js	logWarning
compiler.js	setGameState
compiler.js	clearInputHistory
compiler.js	IDE
compiler.js	logError
compiler.js	consoleCacheDump
compiler.js	state
compiler.js	state
compiler.js	IDE
compiler.js	state
compiler.js	state
compiler.js	state
compiler.js	state
console.js	dirMaskName
console.js	cache_console_messages
console.js	cache_console_messages
console.js	cache_console_messages
console.js	debugger_turnIndex
console.js	debug_visualisation_array
console.js	diffToVisualize
console.js	titleScreen
console.js	verbose_logging
console.js	verbose_logging
console.js	cache_console_messages
console.js	verbose_logging
debug.js	level
debug.js	level
debug.js	level
debug.js	level
debug.js	STRIDE_OBJ
debug.js	state
debug.js	errorStrings
debug.js	errorCount
debug.js	state
debug.js	selectableint
debug.js	selectableint
debug.js	consolePrint
debug.js	loadedLevelSeed
debug.js	state
debug.js	selectableint
debug.js	selectableint
debug.js	consolePrint
debug.js	curlevel
editor.js	storage_has
editor.js	storage_get
editor.js	CodeMirror
editor.js	CodeMirror
editor.js	CodeMirror
editor.js	CodeMirror
editor.js	CodeMirror
editor.js	CodeMirror
editor.js	CodeMirror
editor.js	CodeMirror
editor.js	CodeMirror
editor.js	CodeMirror
editor.js	CodeMirror
editor.js	CodeMirror
editor.js	CodeMirror
editor.js	CodeMirror
editor.js	playSound
editor.js	prevent
editor.js	compile
editor.js	consolePrint
editor.js	consoleError
editor.js	consoleError
editor.js	consoleError
editor.js	clearConsole
editor.js	unloadGame
editor.js	compile
editor.js	clearConsole
editor.js	unloadGame
editor.js	compile
editor.js	CodeMirror
editor.js	CodeMirror
editor.js	diffToVisualize
editor.js	debug_visualisation_array
editor.js	redraw
editor.js	diffToVisualize
editor.js	redraw
editor.js	debug_visualisation_array
editor.js	debugger_turnIndex
editor.js	debug_visualisation_array
editor.js	debugger_turnIndex
editor.js	debugger_turnIndex
editor.js	debug_visualisation_array
editor.js	debugger_turnIndex
editor.js	debugger_turnIndex
engine.js	RNG
engine.js	curlevel
engine.js	curlevelTarget
engine.js	curlevel
engine.js	solvedSections
engine.js	level
engine.js	level
engine.js	canvasResize
engine.js	redraw
engine.js	isSitelocked
engine.js	logWarning
engine.js	logWarning
engine.js	logWarning
engine.js	timer
engine.js	quittingTitleScreen
engine.js	quittingMessageScreen
engine.js	messageselected
engine.js	againing
engine.js	curlevel
engine.js	redraw
engine.js	amountOfLevelsOnScreen
engine.js	amountOfLevelsOnScreen
engine.js	amountOfLevelsOnScreen
engine.js	amountOfLevelsOnScreen
engine.js	amountOfLevelsOnScreen
engine.js	solvedSections
engine.js	solvedSections
engine.js	amountOfLevelsOnScreen
engine.js	solvedSections
engine.js	quittingTitleScreen
engine.js	amountOfLevelsOnScreen
engine.js	amountOfLevelsOnScreen
engine.js	redraw
engine.js	solving
engine.js	againing
engine.js	curlevel
engine.js	canvasResize
engine.js	clearInputHistory
engine.js	curlevel
engine.js	quittingMessageScreen
engine.js	canvasResize
engine.js	RNG
engine.js	forceRegenImages
engine.js	ignoreNotJustPressedAction
engine.js	dragging
engine.js	rightdragging
engine.js	againing
engine.js	consolePrint
engine.js	ignoreNotJustPressedAction
engine.js	canvasResize
engine.js	clearInputHistory
engine.js	curlevel
engine.js	level
engine.js	oldflickscreendat
engine.js	level
engine.js	level
engine.js	oldflickscreendat
engine.js	level
engine.js	level
engine.js	oldflickscreendat
engine.js	level
engine.js	level
engine.js	keybuffer
engine.js	runrulesonlevelstart_phase
engine.js	runrulesonlevelstart_phase
engine.js	clearInputHistory
engine.js	curlevel
engine.js	curlevelTarget
engine.js	curlevel
engine.js	curlevelTarget
engine.js	canvasResize
engine.js	redraw
engine.js	canvasResize
engine.js	playSound
engine.js	level
engine.js	level
engine.js	level
engine.js	oldflickscreendat
engine.js	level
engine.js	level
engine.js	level
engine.js	oldflickscreendat
engine.js	canYoutube
engine.js	ifrm
engine.js	ifrm
engine.js	ifrm
engine.js	ifrm
engine.js	ifrm
engine.js	ifrm
engine.js	ifrm
engine.js	ifrm
engine.js	ifrm
engine.js	ifrm
engine.js	oldflickscreendat
engine.js	timer
engine.js	autotick
engine.js	winning
engine.js	againing
engine.js	messageselected
engine.js	RNG
engine.js	autotick
engine.js	autotickinterval
engine.js	autotick
engine.js	autotickinterval
engine.js	repeatinterval
engine.js	repeatinterval
engine.js	tweeninterval
engine.js	tweeninterval
engine.js	againinterval
engine.js	againinterval
engine.js	throttle_movement
engine.js	autotickinterval
engine.js	logWarning
engine.js	norepeat_action
engine.js	restarting
engine.js	logWarning
engine.js	winning
engine.js	timer
engine.js	quittingMessageScreen
engine.js	quittingTitleScreen
engine.js	messageselected
engine.js	consolePrint
engine.js	curlevel
engine.js	curlevelTarget
engine.js	winning
engine.js	timer
engine.js	quittingMessageScreen
engine.js	quittingTitleScreen
engine.js	messageselected
engine.js	curlevel
engine.js	curlevelTarget
engine.js	winning
engine.js	timer
engine.js	quittingMessageScreen
engine.js	quittingTitleScreen
engine.js	messageselected
engine.js	curlevel
engine.js	curlevelTarget
engine.js	winning
engine.js	timer
engine.js	quittingMessageScreen
engine.js	quittingTitleScreen
engine.js	messageselected
engine.js	clearInputHistory
engine.js	canvasResize
engine.js	killAudioButton
engine.js	showAudioButton
engine.js	level
engine.js	level
engine.js	level
engine.js	level
engine.js	level
engine.js	level
engine.js	level
engine.js	level
engine.js	level
engine.js	level
engine.js	level
engine.js	level
engine.js	level
engine.js	level
engine.js	level
engine.js	level
engine.js	level
engine.js	level
engine.js	level
engine.js	level
engine.js	level
engine.js	oldflickscreendat
engine.js	level
engine.js	level
engine.js	level
engine.js	level
engine.js	level
engine.js	level
engine.js	level
engine.js	level
engine.js	level
engine.js	level
engine.js	level
engine.js	level
engine.js	level
engine.js	level
engine.js	level
engine.js	consolePrint
engine.js	againing
engine.js	level
engine.js	level
engine.js	restarting
engine.js	restarting
engine.js	verbose_logging
engine.js	consolePrint
engine.js	curlevel
engine.js	level
engine.js	level
engine.js	restarting
engine.js	level
engine.js	level
engine.js	levelEditorOpened
engine.js	verbose_logging
engine.js	consolePrint
engine.js	i
engine.js	i
engine.js	level
engine.js	i
engine.js	level
engine.js	i
engine.js	i
engine.js	level
engine.js	level
engine.js	level
engine.js	level
engine.js	level
engine.js	level
engine.js	level
engine.js	level
engine.js	level
engine.js	level
engine.js	level
engine.js	level
engine.js	level
engine.js	level
engine.js	level
engine.js	level
engine.js	level
engine.js	level
engine.js	level
engine.js	level
engine.js	level
engine.js	level
engine.js	level
engine.js	level
engine.js	level
engine.js	level
engine.js	level
engine.js	level
engine.js	level
engine.js	level
engine.js	level
engine.js	level
engine.js	level
engine.js	level
engine.js	level
engine.js	level
engine.js	level
engine.js	level
engine.js	level
engine.js	level
engine.js	level
engine.js	level
engine.js	level
engine.js	level
engine.js	level
engine.js	level
engine.js	level
engine.js	level
engine.js	level
engine.js	level
engine.js	level
engine.js	level
engine.js	level
engine.js	level
engine.js	level
engine.js	level
engine.js	level
engine.js	level
engine.js	level
engine.js	level
engine.js	level
engine.js	level
engine.js	level
engine.js	level
engine.js	level
engine.js	level
engine.js	level
engine.js	level
engine.js	level
engine.js	level
engine.js	level
engine.js	level
engine.js	level
engine.js	level
engine.js	level
engine.js	level
engine.js	level
engine.js	level
engine.js	level
engine.js	level
engine.js	level
engine.js	level
engine.js	level
engine.js	level
engine.js	level
engine.js	level
engine.js	verbose_logging
engine.js	addToDebugTimeline
engine.js	consolePrint
engine.js	level
engine.js	level
engine.js	level
engine.js	level
engine.js	level
engine.js	level
engine.js	level
engine.js	verbose_logging
engine.js	consolePrint
engine.js	twiddleable_params
engine.js	twiddleMetaData
engine.js	canvasResize
engine.js	twiddleMetaData
engine.js	canvasResize
engine.js	consolePrintFromRule
engine.js	autotick
engine.js	autotickinterval
engine.js	autotick
engine.js	autotickinterval
engine.js	againinterval
engine.js	againinterval
engine.js	tweeninterval
engine.js	tweeninterval
engine.js	repeatinterval
engine.js	repeatinterval
engine.js	colorToHex
engine.js	colorPalette
engine.js	colorToHex
engine.js	colorPalette
engine.js	solving
engine.js	keybuffer
engine.js	quittingMessageScreen
engine.js	messageselected
engine.js	ignoreNotJustPressedAction
engine.js	canvasResize
engine.js	unitTesting
engine.js	level
engine.js	logErrorCacheable
engine.js	level
engine.js	verbose_logging
engine.js	debugger_turnIndex
engine.js	addToDebugTimeline
engine.js	level
engine.js	logErrorCacheable
engine.js	verbose_logging
engine.js	debugger_turnIndex
engine.js	addToDebugTimeline
engine.js	level
engine.js	logErrorCacheable
engine.js	verbose_logging
engine.js	debugger_turnIndex
engine.js	addToDebugTimeline
engine.js	level
engine.js	level
engine.js	level
engine.js	level
engine.js	level
engine.js	level
engine.js	level
engine.js	level
engine.js	level
engine.js	level
engine.js	level
engine.js	level
engine.js	level
engine.js	level
engine.js	level
engine.js	level
engine.js	level
engine.js	level
engine.js	level
engine.js	level
engine.js	level
engine.js	againing
engine.js	verbose_logging
engine.js	debugger_turnIndex
engine.js	addToDebugTimeline
engine.js	level
engine.js	verbose_logging
engine.js	consolePrint
engine.js	addToDebugTimeline
engine.js	level
engine.js	consolePrint
engine.js	consolePrint
engine.js	level
engine.js	level
engine.js	level
engine.js	level
engine.js	level
engine.js	level
engine.js	level
engine.js	consolePrint
engine.js	level
engine.js	level
engine.js	level
engine.js	level
engine.js	level
engine.js	level
engine.js	verbose_logging
engine.js	consolePrint
engine.js	debugger_turnIndex
engine.js	addToDebugTimeline
engine.js	level
engine.js	verbose_logging
engine.js	debug_visualisation_array
engine.js	debugger_turnIndex
engine.js	addToDebugTimeline
engine.js	level
engine.js	consolePrint
engine.js	debugger_turnIndex
engine.js	addToDebugTimeline
engine.js	level
engine.js	consolePrint
engine.js	consolePrint
engine.js	level
engine.js	verbose_logging
engine.js	consoleCacheDump
engine.js	consolePrint
engine.js	level
engine.js	verbose_logging
engine.js	consolePrint
engine.js	consoleCacheDump
engine.js	level
engine.js	verbose_logging
engine.js	consoleCacheDump
engine.js	level
engine.js	level
engine.js	consolePrintFromRule
engine.js	level
engine.js	level
engine.js	verbose_logging
engine.js	level
engine.js	level
engine.js	consolePrintFromRule
engine.js	consoleCacheDump
engine.js	level
engine.js	level
engine.js	solving
engine.js	verbose_logging
engine.js	level
engine.js	level
engine.js	consolePrintFromRule
engine.js	consoleCacheDump
engine.js	canvasResize
engine.js	level
engine.js	winning
engine.js	level
engine.js	verbose_logging
engine.js	level
engine.js	level
engine.js	consolePrintFromRule
engine.js	level
engine.js	level
engine.js	verbose_logging
engine.js	consoleCacheDump
engine.js	level
engine.js	verbose_logging
engine.js	consoleCacheDump
engine.js	playSound
engine.js	playSound
engine.js	playSound
engine.js	playSound
engine.js	level
engine.js	verbose_logging
engine.js	consolePrint
engine.js	winning
engine.js	level
engine.js	verbose_logging
engine.js	level
engine.js	level
engine.js	consolePrintFromRule
engine.js	hasUsedCheckpoint
engine.js	storage_set
engine.js	storage_set
engine.js	curlevel
engine.js	level
engine.js	level
engine.js	level
engine.js	verbose_logging
engine.js	verbose_logging
engine.js	verbose_logging
engine.js	verbose_logging
engine.js	consolePrintFromRule
engine.js	againing
engine.js	timer
engine.js	verbose_logging
engine.js	verbose_logging
engine.js	consolePrintFromRule
engine.js	verbose_logging
engine.js	verbose_logging
engine.js	consolePrint
engine.js	tweentimer
engine.js	level
engine.js	level
engine.js	verbose_logging
engine.js	consoleCacheDump
engine.js	winning
engine.js	againing
engine.js	levelEditorOpened
engine.js	level
engine.js	runrulesonlevelstart_phase
engine.js	consolePrint
engine.js	solving
engine.js	consolePrint
engine.js	level
engine.js	level
engine.js	level
engine.js	level
engine.js	level
engine.js	level
engine.js	runrulesonlevelstart_phase
engine.js	consolePrint
engine.js	solving
engine.js	consolePrint
engine.js	winning
engine.js	againing
engine.js	unitTesting
engine.js	winning
engine.js	timer
engine.js	againing
engine.js	curlevel
engine.js	curlevel
engine.js	ignoreNotJustPressedAction
engine.js	curlevel
engine.js	curlevelTarget
engine.js	hasUsedCheckpoint
engine.js	curlevelTarget
engine.js	hasUsedCheckpoint
engine.js	curlevel
engine.js	curlevel
engine.js	curlevel
engine.js	curlevel
engine.js	solvedSections
engine.js	curlevel
engine.js	curlevel
engine.js	curlevelTarget
engine.js	quittingMessageScreen
engine.js	messageselected
engine.js	solvedSections
engine.js	storage_remove
engine.js	storage_remove
engine.js	curlevel
engine.js	curlevelTarget
engine.js	curlevel
engine.js	curlevel
engine.js	canvasResize
engine.js	curlevelTarget
engine.js	curlevel
engine.js	curlevelTarget
engine.js	curlevel
engine.js	againing
engine.js	doSetupTitleScreenLevelContinue
engine.js	canvas
engine.js	regenSpriteImages
engine.js	oldflickscreendat
engine.js	level
engine.js	level
engine.js	storage_set
engine.js	curlevel
engine.js	curlevelTarget
engine.js	storage_set
engine.js	storage_remove
engine.js	solvedSections
engine.js	solvedSections
engine.js	solvedSections
engine.js	curlevel
engine.js	curlevelTarget
engine.js	solvedSections
engine.js	level
engine.js	level
engine.js	level
engine.js	level
engine.js	level
engine.js	level
engine.js	level
engine.js	level
engine.js	level
globalVariables.js	storage_has
globalVariables.js	storage_has
globalVariables.js	storage_get
globalVariables.js	storage_get
graphics.js	state
graphics.js	state
graphics.js	state
graphics.js	state
graphics.js	state
graphics.js	state
graphics.js	state
graphics.js	state
graphics.js	textMode
graphics.js	IDE
graphics.js	textImages
graphics.js	state
graphics.js	sprites
graphics.js	sprites
graphics.js	sprites
graphics.js	canOpenEditor
graphics.js	sprites
graphics.js	sprites
graphics.js	sprites
graphics.js	sprites
graphics.js	canOpenEditor
graphics.js	state
graphics.js	state
graphics.js	state
graphics.js	IDE
graphics.js	textImages
graphics.js	state
graphics.js	state
graphics.js	textImages
graphics.js	state
graphics.js	state
graphics.js	state
graphics.js	state
graphics.js	textMode
graphics.js	state
graphics.js	state
graphics.js	loadedCustomFont
graphics.js	titleWidth
graphics.js	titleHeight
graphics.js	titleImage
graphics.js	titleHeight
graphics.js	titleImage
graphics.js	titleWidth
graphics.js	level
graphics.js	diffToVisualize
graphics.js	Level
graphics.js	diffToVisualize
graphics.js	diffToVisualize
graphics.js	diffToVisualize
graphics.js	diffToVisualize
graphics.js	diffToVisualize
graphics.js	state
graphics.js	screenwidth
graphics.js	screenheight
graphics.js	levelEditorOpened
graphics.js	screenwidth
graphics.js	flickscreen
graphics.js	getPlayerPositions
graphics.js	screenwidth
graphics.js	screenheight
graphics.js	screenwidth
graphics.js	screenheight
graphics.js	screenwidth
graphics.js	screenheight
graphics.js	oldflickscreendat
graphics.js	oldflickscreendat
graphics.js	oldflickscreendat
graphics.js	oldflickscreendat
graphics.js	oldflickscreendat
graphics.js	oldflickscreendat
graphics.js	zoomscreen
graphics.js	getPlayerPositions
graphics.js	screenwidth
graphics.js	screenwidth
graphics.js	screenheight
graphics.js	screenheight
graphics.js	screenwidth
graphics.js	screenheight
graphics.js	oldflickscreendat
graphics.js	oldflickscreendat
graphics.js	oldflickscreendat
graphics.js	oldflickscreendat
graphics.js	oldflickscreendat
graphics.js	oldflickscreendat
graphics.js	smoothscreen
graphics.js	cameraPositionTarget
graphics.js	cameraPositionTarget
graphics.js	cameraPosition
graphics.js	cameraPosition
graphics.js	cameraPositionTarget
graphics.js	cameraPosition
graphics.js	state
graphics.js	cameraPosition
graphics.js	cameraPosition
graphics.js	screenwidth
graphics.js	level
graphics.js	screenwidth
graphics.js	cameraPosition
graphics.js	screenheight
graphics.js	level
graphics.js	screenheight
graphics.js	screenwidth
graphics.js	level
graphics.js	screenheight
graphics.js	level
graphics.js	oldflickscreendat
graphics.js	oldflickscreendat
graphics.js	oldflickscreendat
graphics.js	oldflickscreendat
graphics.js	oldflickscreendat
graphics.js	oldflickscreendat
graphics.js	smoothscreen
graphics.js	sprites
graphics.js	state
graphics.js	currentMovedEntities
graphics.js	_o12
graphics.js	state
graphics.js	clamp
graphics.js	tweentimer
graphics.js	tweeninterval
graphics.js	state
graphics.js	state
graphics.js	state
graphics.js	state
graphics.js	state
graphics.js	state
graphics.js	state
graphics.js	state
graphics.js	_o12
graphics.js	currentMovedEntities
graphics.js	currentMovedEntities
graphics.js	currentMovedEntities
graphics.js	dirMasksDelta
graphics.js	diffToVisualize
graphics.js	diffToVisualize
graphics.js	debug_visualisation_array
graphics.js	diffToVisualize
graphics.js	debug_visualisation_array
graphics.js	diffToVisualize
graphics.js	Level
graphics.js	_o11
graphics.js	_o12
graphics.js	smoothscreen
graphics.js	state
graphics.js	levelEditorOpened
graphics.js	state
graphics.js	getPlayerPositions
graphics.js	level
graphics.js	level
graphics.js	cameraPosition
graphics.js	cameraPosition
graphics.js	screenwidth
graphics.js	screenheight
graphics.js	cameraPositionTarget
graphics.js	cameraPosition
graphics.js	cameraPositionTarget
graphics.js	cameraPosition
graphics.js	screenwidth
graphics.js	screenheight
graphics.js	screenwidth
graphics.js	screenheight
graphics.js	screenwidth
graphics.js	screenheight
graphics.js	screenwidth
graphics.js	screenheight
graphics.js	mouseCoordY
graphics.js	mouseCoordX
graphics.js	mouseCoordY
graphics.js	mouseCoordX
graphics.js	screenwidth
graphics.js	screenwidth
graphics.js	screenwidth
graphics.js	mouseCoordX
graphics.js	mouseCoordX
graphics.js	screenwidth
graphics.js	mouseCoordX
graphics.js	mouseCoordX
graphics.js	screenwidth
graphics.js	state
graphics.js	state
graphics.js	state
graphics.js	state
graphics.js	mouseCoordX
graphics.js	mouseCoordY
graphics.js	mouseCoordX
graphics.js	screenwidth
graphics.js	mouseCoordY
graphics.js	screenheight
graphics.js	level
graphics.js	mouseCoordY
graphics.js	mouseCoordX
graphics.js	level
graphics.js	_o12
graphics.js	state
graphics.js	state
graphics.js	mouseCoordX
graphics.js	mouseCoordY
graphics.js	mouseCoordX
graphics.js	screenwidth
graphics.js	mouseCoordY
graphics.js	screenheight
graphics.js	mouseCoordX
graphics.js	mouseCoordY
graphics.js	mouseCoordX
graphics.js	screenwidth
graphics.js	mouseCoordY
graphics.js	screenheight
graphics.js	mouseCoordX
graphics.js	mouseCoordY
graphics.js	mouseCoordX
graphics.js	mouseCoordY
graphics.js	screenwidth
graphics.js	level
graphics.js	screenheight
graphics.js	level
graphics.js	state
graphics.js	flickscreen
graphics.js	state
graphics.js	zoomscreen
graphics.js	state
graphics.js	smoothscreen
graphics.js	state
graphics.js	levelEditorOpened
graphics.js	screenwidth
graphics.js	screenwidth
graphics.js	screenheight
graphics.js	flickscreen
graphics.js	screenwidth
graphics.js	state
graphics.js	screenheight
graphics.js	state
graphics.js	zoomscreen
graphics.js	screenwidth
graphics.js	state
graphics.js	screenheight
graphics.js	state
graphics.js	smoothscreen
graphics.js	screenwidth
graphics.js	state
graphics.js	screenheight
graphics.js	state
graphics.js	textMode
graphics.js	screenwidth
graphics.js	titleWidth
graphics.js	screenheight
graphics.js	titleHeight
graphics.js	screenwidth
graphics.js	screenheight
graphics.js	sprites
graphics.js	sprites
graphics.js	sprites
graphics.js	textMode
graphics.js	textMode
graphics.js	textMode
graphics.js	state
graphics.js	loadedCustomFont
graphics.js	screenwidth
graphics.js	screenheight
graphics.js	screenheight
graphics.js	screenwidth
graphics.js	levelEditorOpened
graphics.js	textMode
graphics.js	textMode
graphics.js	textMode
graphics.js	textMode
graphics.js	state
graphics.js	textMode
graphics.js	state
inputoutput.js	solving
inputoutput.js	levelFromString
inputoutput.js	state
inputoutput.js	loadLevelFromLevelDat
inputoutput.js	state
inputoutput.js	canvasResize
inputoutput.js	backups
inputoutput.js	backupLevel
inputoutput.js	STRIDE_OBJ
inputoutput.js	BitVec
inputoutput.js	STRIDE_OBJ
inputoutput.js	state
inputoutput.js	RebuildLevelArrays
inputoutput.js	level
inputoutput.js	level
inputoutput.js	level
inputoutput.js	level
inputoutput.js	level
inputoutput.js	level
inputoutput.js	level
inputoutput.js	level
inputoutput.js	level
inputoutput.js	level
inputoutput.js	level
inputoutput.js	level
inputoutput.js	level
inputoutput.js	level
inputoutput.js	level
inputoutput.js	level
inputoutput.js	level
inputoutput.js	level
inputoutput.js	level
inputoutput.js	level
inputoutput.js	level
inputoutput.js	level
inputoutput.js	level
inputoutput.js	level
inputoutput.js	level
inputoutput.js	level
inputoutput.js	level
inputoutput.js	level
inputoutput.js	level
inputoutput.js	level
inputoutput.js	level
inputoutput.js	level
inputoutput.js	level
inputoutput.js	level
inputoutput.js	level
inputoutput.js	level
inputoutput.js	level
inputoutput.js	level
inputoutput.js	level
inputoutput.js	level
inputoutput.js	level
inputoutput.js	level
inputoutput.js	level
inputoutput.js	level
inputoutput.js	level
inputoutput.js	level
inputoutput.js	STRIDE_OBJ
inputoutput.js	logErrorNoLine
inputoutput.js	state
inputoutput.js	state
inputoutput.js	state
inputoutput.js	BitVec
inputoutput.js	STRIDE_OBJ
inputoutput.js	state
inputoutput.js	state
inputoutput.js	cache_console_messages
inputoutput.js	level
inputoutput.js	level
inputoutput.js	level
inputoutput.js	level
inputoutput.js	level
inputoutput.js	consolePrint
inputoutput.js	editorRowCount
inputoutput.js	screenwidth
inputoutput.js	glyphImages
inputoutput.js	glyphSelectedIndex
inputoutput.js	redraw
inputoutput.js	screenwidth
inputoutput.js	screenheight
inputoutput.js	editorRowCount
inputoutput.js	glyphImagesCorrespondance
inputoutput.js	glyphSelectedIndex
inputoutput.js	state
inputoutput.js	BitVec
inputoutput.js	STRIDE_OBJ
inputoutput.js	state
inputoutput.js	state
inputoutput.js	state
inputoutput.js	level
inputoutput.js	level
inputoutput.js	backups
inputoutput.js	backupLevel
inputoutput.js	level
inputoutput.js	redraw
inputoutput.js	canvasResize
inputoutput.js	screenwidth
inputoutput.js	canvasResize
inputoutput.js	canvasResize
inputoutput.js	screenheight
inputoutput.js	editorRowCount
inputoutput.js	canvasResize
inputoutput.js	glyphImages
inputoutput.js	glyphSelectedIndex
inputoutput.js	redraw
inputoutput.js	screenwidth
inputoutput.js	screenheight
inputoutput.js	editorRowCount
inputoutput.js	level
inputoutput.js	BitVec
inputoutput.js	STRIDE_OBJ
inputoutput.js	state
inputoutput.js	level
inputoutput.js	redraw
inputoutput.js	canvasResize
inputoutput.js	screenwidth
inputoutput.js	canvasResize
inputoutput.js	canvasResize
inputoutput.js	screenheight
inputoutput.js	editorRowCount
inputoutput.js	canvasResize
inputoutput.js	cellwidth
inputoutput.js	cellheight
inputoutput.js	cellwidth
inputoutput.js	cellwidth
inputoutput.js	cellheight
inputoutput.js	cellwidth
inputoutput.js	cellheight
inputoutput.js	cellwidth
inputoutput.js	level
inputoutput.js	level
inputoutput.js	cellwidth
inputoutput.js	cellwidth
inputoutput.js	state
inputoutput.js	level
inputoutput.js	level
inputoutput.js	screenOffsetY
inputoutput.js	screenOffsetX
inputoutput.js	level
inputoutput.js	level
inputoutput.js	state
inputoutput.js	cellwidth
inputoutput.js	cellwidth
inputoutput.js	cellwidth
inputoutput.js	cellwidth
inputoutput.js	consolePrint
inputoutput.js	textMode
inputoutput.js	quittingTitleScreen
inputoutput.js	hoverSelection
inputoutput.js	hoverSelection
inputoutput.js	titleScreen
inputoutput.js	quittingTitleScreen
inputoutput.js	titleSelected
inputoutput.js	titleMode
inputoutput.js	titleMode
inputoutput.js	titleSelectOptions
inputoutput.js	titleSelection
inputoutput.js	titleSelectOptions
inputoutput.js	titleSelection
inputoutput.js	titleSelectOptions
inputoutput.js	titleSelectOptions
inputoutput.js	titleSelection
inputoutput.js	titleSelection
inputoutput.js	titleSelectOptions
inputoutput.js	titleSelection
inputoutput.js	titleMode
inputoutput.js	quittingTitleScreen
inputoutput.js	titleSelected
inputoutput.js	titleSelection
inputoutput.js	goToTitleScreen
inputoutput.js	tryPlayTitleSound
inputoutput.js	canvasResize
inputoutput.js	levelSelectScrollPos
inputoutput.js	titleSelectOptions
inputoutput.js	levelSelectScrollPos
inputoutput.js	levelSelectScrollPos
inputoutput.js	titleSelectOptions
inputoutput.js	titleSelection
inputoutput.js	titleSelected
inputoutput.js	messageselected
inputoutput.js	timer
inputoutput.js	quittingTitleScreen
inputoutput.js	generateLevelSelectScreen
inputoutput.js	messageselected
inputoutput.js	state
inputoutput.js	curlevel
inputoutput.js	messagetext
inputoutput.js	messageselected
inputoutput.js	timer
inputoutput.js	quittingMessageScreen
inputoutput.js	tryPlayCloseMessageSound
inputoutput.js	titleScreen
inputoutput.js	drawMessageScreen
inputoutput.js	winning
inputoutput.js	cellwidth
inputoutput.js	screenwidth
inputoutput.js	cellheight
inputoutput.js	screenheight
inputoutput.js	screenOffsetY
inputoutput.js	screenOffsetX
inputoutput.js	level
inputoutput.js	againing
inputoutput.js	backupLevel
inputoutput.js	level
inputoutput.js	level
inputoutput.js	pushInput
inputoutput.js	processInput
inputoutput.js	redraw
inputoutput.js	consolePrint
inputoutput.js	screenwidth
inputoutput.js	screenheight
inputoutput.js	screenOffsetY
inputoutput.js	screenOffsetX
inputoutput.js	level
inputoutput.js	againing
inputoutput.js	backupLevel
inputoutput.js	level
inputoutput.js	level
inputoutput.js	pushInput
inputoutput.js	processInput
inputoutput.js	redraw
inputoutput.js	consolePrint
inputoutput.js	ULBS
inputoutput.js	lastDownTarget
inputoutput.js	keybuffer
inputoutput.js	canvas
inputoutput.js	levelEditorOpened
inputoutput.js	textMode
inputoutput.js	state
inputoutput.js	state
inputoutput.js	levelEditorOpened
inputoutput.js	state
inputoutput.js	state
inputoutput.js	textMode
inputoutput.js	IsMouseGameInputEnabled
inputoutput.js	levelEditorOpened
inputoutput.js	pushInput
inputoutput.js	DoUndo
inputoutput.js	canvasResize
inputoutput.js	state
inputoutput.js	levelEditorOpened
inputoutput.js	canvas
inputoutput.js	state
inputoutput.js	state
inputoutput.js	state
inputoutput.js	state
inputoutput.js	ULBS
inputoutput.js	IDE
inputoutput.js	IDE
inputoutput.js	toggleMute
inputoutput.js	keybuffer
inputoutput.js	lastDownTarget
inputoutput.js	canvas
inputoutput.js	Mobile
inputoutput.js	lastDownTarget
inputoutput.js	Mobile
inputoutput.js	keybuffer
inputoutput.js	keybuffer
inputoutput.js	canDump
inputoutput.js	dumpTestCase
inputoutput.js	makeGIF
inputoutput.js	saveClick
inputoutput.js	rebuildClick
inputoutput.js	canvas
inputoutput.js	runClick
inputoutput.js	canvas
inputoutput.js	solve
inputoutput.js	stopSolving
inputoutput.js	canvas
inputoutput.js	editor
inputoutput.js	runClick
inputoutput.js	rebuildClick
inputoutput.js	keybuffer
inputoutput.js	keybuffer
inputoutput.js	keybuffer
inputoutput.js	keybuffer
inputoutput.js	canvas
inputoutput.js	xoffset
inputoutput.js	yoffset
inputoutput.js	cellwidth
inputoutput.js	cellheight
inputoutput.js	levelEditorOpened
inputoutput.js	redraw
inputoutput.js	titleScreen
inputoutput.js	IsMouseGameInputEnabled
inputoutput.js	hoverSelection
inputoutput.js	hoverSelection
inputoutput.js	titleMode
inputoutput.js	generateTitleScreen
inputoutput.js	redraw
inputoutput.js	titleMode
inputoutput.js	generateLevelSelectScreen
inputoutput.js	redraw
inputoutput.js	state
inputoutput.js	state
inputoutput.js	redraw
inputoutput.js	state
inputoutput.js	state
inputoutput.js	redraw
inputoutput.js	canvas
inputoutput.js	canvas
inputoutput.js	titleScreen
inputoutput.js	titleMode
inputoutput.js	IsMouseGameInputEnabled
inputoutput.js	redraw
inputoutput.js	levelEditorOpened
inputoutput.js	glyphSelectedIndex
inputoutput.js	glyphSelectedIndex
inputoutput.js	glyphCount
inputoutput.js	redraw
inputoutput.js	levelSelectScrollPos
inputoutput.js	levelSelectScrollPos
inputoutput.js	state
inputoutput.js	titleSelection
inputoutput.js	titleSelection
inputoutput.js	state
inputoutput.js	generateLevelSelectScreen
inputoutput.js	titleSelected
inputoutput.js	tryPlayStartGameSound
inputoutput.js	titleSelected
inputoutput.js	messageselected
inputoutput.js	timer
inputoutput.js	quittingTitleScreen
inputoutput.js	generateTitleScreen
inputoutput.js	canvasResize
inputoutput.js	keybuffer
inputoutput.js	keybuffer
inputoutput.js	keybuffer
inputoutput.js	keybuffer
inputoutput.js	ULBS
inputoutput.js	winning
inputoutput.js	ignoreNotJustPressedAction
inputoutput.js	ignoreNotJustPressedAction
inputoutput.js	ignoreNotJustPressedAction
inputoutput.js	norepeat_action
inputoutput.js	textMode
inputoutput.js	pushInput
inputoutput.js	DoUndo
inputoutput.js	canvasResize
inputoutput.js	textMode
inputoutput.js	pushInput
inputoutput.js	DoRestart
inputoutput.js	canvasResize
inputoutput.js	solving
inputoutput.js	stopSolving
inputoutput.js	titleScreen
inputoutput.js	titleMode
inputoutput.js	timer
inputoutput.js	titleMode
inputoutput.js	quittingTitleScreen
inputoutput.js	titleSelection
inputoutput.js	timer
inputoutput.js	titleScreen
inputoutput.js	state
inputoutput.js	gotoLevelSelectScreen
inputoutput.js	goToTitleScreen
inputoutput.js	tryPlayTitleSound
inputoutput.js	canvasResize
inputoutput.js	solving
inputoutput.js	canOpenEditor
inputoutput.js	titleScreen
inputoutput.js	state
inputoutput.js	compile
inputoutput.js	nextLevel
inputoutput.js	levelEditorOpened
inputoutput.js	levelEditorOpened
inputoutput.js	levelEditorOpened
inputoutput.js	restartTarget
inputoutput.js	backupLevel
inputoutput.js	canvasResize
inputoutput.js	levelEditorOpened
inputoutput.js	glyphImages
inputoutput.js	glyphSelectedIndex
inputoutput.js	consolePrint
inputoutput.js	canvasResize
inputoutput.js	levelEditorOpened
inputoutput.js	glyphSelectedIndex
inputoutput.js	glyphSelectedIndex
inputoutput.js	canvasResize
inputoutput.js	levelEditorOpened
inputoutput.js	glyphSelectedIndex
inputoutput.js	glyphImages
inputoutput.js	glyphSelectedIndex
inputoutput.js	canvasResize
inputoutput.js	throttle_movement
inputoutput.js	repeatinterval
inputoutput.js	textMode
inputoutput.js	throttle_movement
inputoutput.js	titleScreen
inputoutput.js	repeatinterval
inputoutput.js	state
inputoutput.js	titleScreen
inputoutput.js	isSitelocked
inputoutput.js	titleMode
inputoutput.js	titleSelected
inputoutput.js	tryPlayStartGameSound
inputoutput.js	titleSelected
inputoutput.js	messageselected
inputoutput.js	timer
inputoutput.js	quittingTitleScreen
inputoutput.js	titleMode
inputoutput.js	generateTitleScreen
inputoutput.js	titleMode
inputoutput.js	generateLevelSelectScreen
inputoutput.js	redraw
inputoutput.js	quittingTitleScreen
inputoutput.js	titleSelected
inputoutput.js	titleSelection
inputoutput.js	titleSelection
inputoutput.js	titleSelection
inputoutput.js	titleSelectOptions
inputoutput.js	titleSelection
inputoutput.js	titleSelectOptions
inputoutput.js	titleSelection
inputoutput.js	titleSelection
inputoutput.js	titleSelectOptions
inputoutput.js	titleMode
inputoutput.js	generateTitleScreen
inputoutput.js	titleMode
inputoutput.js	generateLevelSelectScreen
inputoutput.js	redraw
inputoutput.js	unitTesting
inputoutput.js	nextLevel
inputoutput.js	messageselected
inputoutput.js	messageselected
inputoutput.js	timer
inputoutput.js	quittingMessageScreen
inputoutput.js	tryPlayCloseMessageSound
inputoutput.js	titleScreen
inputoutput.js	drawMessageScreen
inputoutput.js	againing
inputoutput.js	state
inputoutput.js	pushInput
inputoutput.js	processInput
inputoutput.js	redraw
inputoutput.js	timer
inputoutput.js	deltatime
inputoutput.js	tweentimer
inputoutput.js	deltatime
inputoutput.js	deltatime
inputoutput.js	quittingTitleScreen
inputoutput.js	timer
inputoutput.js	quittingTitleScreen
inputoutput.js	titleMode
inputoutput.js	nextLevel
inputoutput.js	titleMode
inputoutput.js	gotoLevel
inputoutput.js	titleSelection
inputoutput.js	againing
inputoutput.js	timer
inputoutput.js	againinterval
inputoutput.js	messagetext
inputoutput.js	processInput
inputoutput.js	autotick
inputoutput.js	quittingMessageScreen
inputoutput.js	timer
inputoutput.js	quittingMessageScreen
inputoutput.js	messagetext
inputoutput.js	nextLevel
inputoutput.js	messagetext
inputoutput.js	textMode
inputoutput.js	titleScreen
inputoutput.js	titleMode
inputoutput.js	curlevel
inputoutput.js	curlevelTarget
inputoutput.js	titleSelected
inputoutput.js	ignoreNotJustPressedAction
inputoutput.js	titleSelection
inputoutput.js	canvasResize
inputoutput.js	checkWin
inputoutput.js	winning
inputoutput.js	timer
inputoutput.js	winning
inputoutput.js	nextLevel
inputoutput.js	keybuffer
inputoutput.js	deltatime
inputoutput.js	throttle_movement
inputoutput.js	repeatinterval
inputoutput.js	repeatinterval
inputoutput.js	keybuffer
inputoutput.js	keybuffer
inputoutput.js	keybuffer
inputoutput.js	autotickinterval
inputoutput.js	textMode
inputoutput.js	levelEditorOpened
inputoutput.js	againing
inputoutput.js	winning
inputoutput.js	autotick
inputoutput.js	deltatime
inputoutput.js	autotick
inputoutput.js	autotickinterval
inputoutput.js	autotick
inputoutput.js	pushInput
inputoutput.js	processInput
inputoutput.js	state
inputoutput.js	state
inputoutput.js	redraw
inputoutput.js	deltatime
layout.js	canvasResize
layout.js	canvasResize
makegif.js	RandomGen
makegif.js	levelEditorOpened
makegif.js	curlevel
makegif.js	screenwidth
makegif.js	cellwidth
makegif.js	screenheight
makegif.js	cellheight
makegif.js	screenwidth
makegif.js	cellwidth
makegif.js	screenheight
makegif.js	cellheight
makegif.js	inputHistory
makegif.js	unitTesting
makegif.js	compiledText
makegif.js	GIFEncoder
makegif.js	compile
makegif.js	curlevel
makegif.js	canvasResize
makegif.js	redraw
makegif.js	state
makegif.js	state
makegif.js	consolePrint
makegif.js	canvas
makegif.js	xoffset
makegif.js	yoffset
makegif.js	DoUndo
makegif.js	DoRestart
makegif.js	processInput
makegif.js	processInput
makegif.js	redraw
makegif.js	canvas
makegif.js	xoffset
makegif.js	yoffset
makegif.js	autotickinterval
makegif.js	repeatinterval
makegif.js	repeatinterval
makegif.js	againing
makegif.js	processInput
makegif.js	redraw
makegif.js	againinterval
makegif.js	canvas
makegif.js	xoffset
makegif.js	yoffset
makegif.js	consolePrint
makegif.js	consolePrint
makegif.js	unitTesting
makegif.js	inputHistory
mobile.js	levelEditorOpened
mobile.js	prevent
mobile.js	canvas
mobile.js	editor
mobile.js	state
mobile.js	IsMouseGameInputEnabled
mobile.js	IsMouseGameInputEnabled
mobile.js	onKeyDown
mobile.js	onKeyUp
mobile.js	onMouseDown
mobile.js	state
parser.js	consolePrint
parser.js	consolePrint
parser.js	consolePrint
parser.js	consolePrint
parser.js	consolePrint
parser.js	consoleError
parser.js	reg_color
parser.js	colorPalettes
sfxr.js	RNG
sfxr.js	MakeRiff
sfxr.js	muted
sfxr.js	unitTesting
sfxr.js	muted
sfxr.js	muted
sfxr.js	tryDeactivateYoutube
sfxr.js	muted
sfxr.js	tryActivateYoutube
solver.js	levelEditorOpened
solver.js	textMode
solver.js	state
solver.js	verbose_logging
solver.js	verbose_logging
solver.js	cache_console_messages
solver.js	consolePrint
solver.js	muted
solver.js	restartTarget
solver.js	backupLevel
solver.js	hasUsedCheckpoint
solver.js	backups
solver.js	deltatime
solver.js	deltatime
solver.js	state
solver.js	level
solver.js	FastPriorityQueue
solver.js	level
solver.js	consolePrint
solver.js	consolePrint
solver.js	verbose_logging
solver.js	cache_console_messages
solver.js	redraw
solver.js	level
solver.js	processInput
solver.js	againing
solver.js	processInput
solver.js	level
solver.js	winning
solver.js	hasUsedCheckpoint
solver.js	hasUsedCheckpoint
solver.js	verbose_logging
solver.js	cache_console_messages
solver.js	consolePrint
solver.js	consolePrint
solver.js	consolePrint
solver.js	winning
solver.js	verbose_logging
solver.js	DoRestart
solver.js	addToDebugTimeline
solver.js	level
solver.js	verbose_logging
solver.js	processInput
solver.js	againing
solver.js	processInput
solver.js	verbose_logging
solver.js	addToDebugTimeline
solver.js	level
solver.js	consolePrint
solver.js	deltatime
solver.js	DoRestart
solver.js	cache_console_messages
solver.js	verbose_logging
solver.js	muted
solver.js	winning
solver.js	playSound
solver.js	redraw
solver.js	level
solver.js	level
solver.js	muted
solver.js	DoRestart
solver.js	consolePrint
solver.js	verbose_logging
solver.js	cache_console_messages
solver.js	deltatime
solver.js	playSound
solver.js	redraw
solver.js	level
solver.js	level
solver.js	level
solver.js	level
solver.js	level
solver.js	level
solver.js	level
solver.js	level
solver.js	state
solver.js	state
solver.js	state
solver.js	level
solver.js	level
solver.js	_o10
solver.js	level
solver.js	level
solver.js	_o10
solver.js	level
solver.js	level
solver.js	_o10
soundbar.js	consolePrint
soundbar.js	generatorNames
soundbar.js	generateFromSeed
soundbar.js	SOUND_VOL
soundbar.js	SAMPLE_RATE
soundbar.js	BIT_DEPTH
soundbar.js	SoundEffect
soundbar.js	generateFromSeed
soundbar.js	SOUND_VOL
soundbar.js	SAMPLE_RATE
soundbar.js	BIT_DEPTH
soundbar.js	SoundEffect
toolbar.js	solve
toolbar.js	clearConsole
toolbar.js	compile
toolbar.js	stopSolving
toolbar.js	state
toolbar.js	state
toolbar.js	editor
toolbar.js	storage_has
toolbar.js	storage_get
toolbar.js	storage_set
toolbar.js	consoleError
toolbar.js	setEditorClean
toolbar.js	consolePrint
toolbar.js	consolePrint
toolbar.js	canExit
toolbar.js	storage_get
toolbar.js	consolePrint
toolbar.js	editor
toolbar.js	clearConsole
toolbar.js	setEditorClean
toolbar.js	unloadGame
toolbar.js	compile
toolbar.js	consolePrint
toolbar.js	storage_has
toolbar.js	storage_get
toolbar.js	textMode
toolbar.js	state
toolbar.js	compile
toolbar.js	levelEditorOpened
toolbar.js	canvasResize
toolbar.js	levelEditorOpened
toolbar.js	levelEditorOpened
toolbar.js	canvasResize
toolbar.js	lastDownTarget
toolbar.js	canvas
toolbar.js	consolePrint
toolbar.js	storage_get
toolbar.js	consolePrint
toolbar.js	state
toolbar.js	state
toolbar.js	compile
toolbar.js	editor
toolbar.js	consoleError
toolbar.js	consoleError
toolbar.js	storage_remove
toolbar.js	consoleError
toolbar.js	consoleError
toolbar.js	qualifyURL
toolbar.js	qualifyURL
toolbar.js	consolePrint
toolbar.js	consolePrint
toolbar.js	errorCount
toolbar.js	consolePrint
toolbar.js	consolePrint
toolbar.js	lastDownTarget
toolbar.js	canvas
toolbar.js	storage_remove
toolbar.js	consolePrint
toolbar.js	compile
toolbar.js	editor
toolbar.js	compile
toolbar.js	buildStandalone
